Aleksandrów+Kujawski;5100339
Andrychów;5100340
Andrychów+Górnica;5100336
Andrzejówka;5100338
Anieliny;5100337
Antonin;5100342
Antoniów;5100341
Antoniówka;5100334
Arcelin;5100345
Augustów;5100089
Augustów+Port;5100344
Augustówka;5100347
Babi+Dół;5100398
Babiak;5100351
Babica;5100350
Babica+Kolonia;5100464
Babimost;5100492
Baborówko;5100366
Baboszewo;5100373
Baby;5100372
Bachorce;5100354
Bagienice;5100356
Balin;5100363
Balinka;5100482
Baranówka;5100465
Barchów;5100359
Barcice;5100392
Barcząca;5100666
Barczewo;5100683
Bardo+Przyłęk;5100367
Bardo+Śląskie;5100576
Barłogi;5100557
Bartąg;5100586
Bartodzieje;5100406
Bartosze;5100591
Barwałd+Górny;5100629
Barwałd+Średni;5100627
Barzkowice;5100472
Baszewice;5100584
Basznia;5100369
Basznia+Dolna;5100355
Bażanowice;5100352
Bąk;5100362
Bąkowiec;5100476
Bąków;5100371
Bednary;5100594
Bedoń;5100407
Belęcin+Wielkopolski;5100388
Bełchów;5100411
Bełsznica;5100413
Bełżec;5100668
Berezów;5100415
Besko;5100416
Będów;5100319
Będziemyśl;5100679
Będzin;5100410
Będzin+Ksawera;5100474
Będzin+Miasto;5100493
Będzino;5100414
Będźmierowice;5100495
Biadki;5100432
Biadoliny+(PODG);5100435
Biała;5100431
Biała+Pajęczańska;5100534
Biała+Pilska;5100537
Biała+Podlaska;5100086
Biała+Podlaska+Rozrządowa;5104582
Białki;5100468
Białki+Siedleckie;5100575
Białogard;5100001
Białośliwie;5100450
Białuń;5100443
Biały+Bór;5100382
Biały+Dunajec;5100404
Biały+Kościół;5100456
Białystok;5100002
Białystok+Bacieczki;5100433
Białystok+Stadion;5100581
Białystok+Starosielce;5100579
Białystok+Wiadukt;5100632
Biecz;5100436
Bieczyno+Pomorskie;5100541
Bielin;5100441
Bielsk+Podlaski;5100539
Bielsko+Biała+Aleksandrowice;5100378
Bielsko+Biała+Górne;5100424
Bielsko+Biała+Komorowice;5100444
Bielsko+Biała+Leszczyny;5100379
Bielsko+Biała+Lipnik;5100380
Bielsko+Biała+Mikuszowice;5100381
Bielsko+Biała+Wapienica;5100385
Bielsko+Biała+Zachód;5100387
Bielsko-Biała+Główna;5100316
Bielsko-Biała+Północ;5100383
Bielsko-Biała+Wschód;5100439
Bieniów;5100503
Bierawa;5100449
Biernatowo;5100505
Bierutów;5100566
Bierzwnik;5100673
Biesal;5100455
Biesowice;5100582
Biłgoraj;5100438
Biniew;5100499
Bińcze;5100457
Biskupice;5100488
Biskupice+koło+Kluczborka;5100452
Biskupice+Oławskie;5100519
Biskupice+Wielkopolskie;5100635
Biskupiec+Pomorski;5100538
Biskupiec+Reszelski;5100550
Biskupnica;5100475
Blachownia;5100479
Blizna;5100491
Bliżyn;5100490
Błaszki;5100487
Błażkowa;
Błądzim;5100484
Błonie;5100496
Błotnica;5100486
Błotnica+Strzelecka;5100580
Bobowa;5100508
Bobowa-Miasto;5100509
Bobrowniki;5100530
Bobrowo+Pomorskie;5100494
Bobrówka;5100560
Bobry;5100507
Bochnia;5100227
Boczów;5100397
Bogaczewo;5100420
Bogaczów;5100421
Bogdaniec;5100298
Bogoniowice+Ciężkowice;5100393
Boguchwała;5100515
Bogumiłowice;5100423
Boguszewo;5100427
Boguszów-Gorce;5100429
Boguszów-Gorce+Wschód;5100428
Boguszów-Gorce+Zachód;5100511
Bojanowo;5100459
Bojary;5100517
Boksycka;5100518
Bolechowo;5100481
Bolesławice+Świdnickie;5100578
Bolesławiec;5100079
Boleszewo;5181527
Boleszkowice;5100480
Boreczek;5100548
Borek+Wielkopolski;5100556
Borki+Siedleckie;5100575
Borki-Kosy;5100525
Borkowice;5100467
Borkowo;5100524
Boronów;5100559
Borowa+Oleśnicka;5100628
Borowiany;5100569
Borowiki;5100545
Borowina;5100640
Borsukówka;5100528
Borszewice;5100570
Boszkowo;5100526
Boża+Wola;5100357
Bożacin;5100533
Bożepole+Wielkie;5100544
Brachlewo;5100553
Brachów;5100430
Braniewo;5100302
Bratków;5100589
Bratoszewice;5100593
Brodnica;5100401
Brody+Iłżeckie;5100399
Brody+Warszawskie;5100405
Brokęcino;5100471
Bronów;5100558
Brusy;5100615
Brwinów;5100633
Brzask;5100568
Brzeg;5100003
Brzeg+Dolny;5100004
Brzeg+Głogowski;5100422
Brzesko+Okocim;5100671
Brzeszcze+Jawiszowice;5100555
Brzezinka+Średzka;5100574
Brzeźnica;5100498
Brzeźnica+nad+Wartą;5100637
Brzeźno;5100562
Brzeźno+Człuchowskie;5100396
Brzostów+Wielkopolski;5100680
Brzoza+Bydgoska;5100376
Brzoza+Toruńska;5100592
Brzozowica;5100667
Brzozowiec+Gorzowski;5100552
Brzózki;5100669
Brzustów;5100682
Buchałów;5100597
Budachów;5100600
Budki+Nowe;5100400
Budziszowice;5100602
Budzyń;5100653
Bujaki+[dawna+lokalizacja];5100458
Buk;5100596
Bukowa;5100607
Bukowice+Trzebnickie;5100585
Bukowiec+Międzyrzecki;5100609
Bukowina+Bobrzańska;5100375
Bukowina+Sycowska;5100477
Bukowno;5100610
Bukowno+Przymiarki;5102981
Bukowo;5100611
Bukowo+Człuchowskie;5100617
Bukwałd;5100470
Bulowice;5100608
Burkat;5100614
Bursztynowo;5100616
Byczyna+Kluczborska;5100643
Bydgoszcz+Bielawy;5100642
Bydgoszcz+Główna;5100005
Bydgoszcz+Leśna;5100647
Bydgoszcz+Łęgnowo;5100652
Bydgoszcz+Osowa+Góra;5100661
Bydgoszcz+Wschód;5100648
Bystra+Podhalańska;5100658
Bystrzyca+Kłodzka;5100656
Bystrzyca+Kłodzka+Przedmieście;5100675
Bytnica;5100649
Bytom;5100006
Bytom+Karb;5100651
Bytom+Odrzański;5100654
Bytom+Północny+[posterunek+odgałęźny];5100655
Bytonia;5100590
Bzowiec;5100665
Cegłów;5100700
Cekcyn;5100701
Celestynów;5100702
Cerkiewnik;5100705
Chabówka;5100091
Chałupki;5100708
Chałupy;5100686
Charnowo+Słupskie;5100719
Charsznica;5100687
Chechło;5100710
Chełchy;5100714
Chełm;5100303
Chełm+Cementownia;5100691
Chełm+Miasto;5100768
Chełm+Śląski;5100817
Chełmce;5100703
Chełmek;5100712
Chełmek+Wołowski;5100838
Chełmża;5100761
Chludowo;5100759
Chmielniki+Bydgoskie;5100709
Chmielów;5100750
Chocicza;5100788
Chociszew;5100696
Chociszewo+Rogoziniec;5100695
Chociw+Łaski;5100790
Chociwel;5100796
Chocznia;5100792
Chocznia+Górna;5100713
Chodzież;5100092
Chojna;5100720
Chojnice;5100304
Chojnik;5100789
Chojnów;5100793
Chorzelów;5100872
Chorzew+Siemkowice;5100093
Chorzów+Batory;5100786
Chorzów+Miasto;5100073
Chorzów+Stary;5100723
Choszczno;5100094
Chotomów;5100826
Chotyłów;5100828
Chrosna;5100722
Chrośnica;5100809
Chróścice;5100805
Chróścina+Nyska;5100794
Chróścina+Opolska;5100794
Chrusty+Nowe;5100782
Chruszczobród;5100811
Chrzanów;5100728
Chrzanów+Śródmieście;5100819
Chrząstowice;5100814
Chrząstowice+Olkuskie;5100785
Chrzęsne;5100806
Chwalibogowo;5100835
Chybie;5100727
Chybie+Mnich;5100849
Chynów;5100850
Ciasna;5100730
Ciechanowice;5100732
Ciechanów;5100095
Ciechanów+Przemysłowy;5100741
Ciechocinek;5100734
Ciecholub;5100740
Ciecierzyn;
Cieksyn;5100736
Cienin;5100735
Cienin+Kościelny;5100745
Cieplewo;5100743
Cierpice;5100800
Cierpigórz;5100733
Cieszków;5100861
Cieszyn;5100873
Cieszyn+Marklowice;5100767
Cieszyn+Mnisztwo;5100773
Cieszyno+Łobeskie;5100752
Cięcina;5100694
Cięcina+Dolna;5104563
Cikowice;5100747
Cisie;5100729
Cisiec;5100815
Cybowo;5100845
Cykarzew;5100848
Cykarzew+Stary;5100851
Czachówek+Górny;5100707
Czachówek+Południowy;5100852
Czaplinek;5100866
Czarlin;5100774
Czarna+Białostocka;5100853
Czarna+Tarnowska;5100870
Czarna+Woda;5100864
Czarnca;5100868
Czarne;5100778
Czarne+Małe;5100762
Czarniecka+Góra;5100857
Czarnobór;5100776
Czarnowęsy+Pomorskie;5100839
Czarny+Blok;5100688
Czastary;5100869
Czaszyn;5100821
Czechowice+Dziedzice+Południowe;5100856
Czechowice-Dziedzice;5100251
Czechowice-Dziedzice+Przystanek;5100855
Czechowizna;5100843
Czekanów;5100746
Czeluścin;5100753
Czempiń;5100771
Czepino;5100801
Czeremcha;5100863
Czermno;5100867
Czerna;5100775
Czerna+Mała;5100781
Czernica+Wrocławska;5100697
Czerniejewo;5100860
Czerniewice;5100831
Czernikowo;5100749
Czersk;5100803
Czersk+Świecki;5100816
Czeruchy;5100813
Czerwieńsk;5100096
Czerwionka;5101963
Czerwionka+Dębieńsko;5101966
Czerwonak;5100837
Czerwonka;5100164
Czesławice;5100760
Częstochowa;5100007
Częstochowa+Aniołów;5100824
Częstochowa+Gnaszyn;5104421
Częstochowa+Raków;5100827
Częstochowa+Stradom;5100235
Człuchów;5100755
Czudec;5100871
Czuprynowo;5100802
Czyżew;5103787
Czyżowice;5100844
Dalanówek;5100876
Dalekie;5100875
Daleszewo;5100879
Dalęcino;5100885
Damnica;5100886
Daniszyn;5100894
Dankowice;5100937
Darłowo;5100890
Daszewo;5100891
Dąbie+koło+Dębicy;5100896
Dąbie+nad+Nerem;5100882
Dąbkowizna;5100884
Dąbroszyn;5100295
Dąbrowa+Białostocka;5100900
Dąbrowa+Chełmińska;5100956
Dąbrowa+Górnicza;5100250
Dąbrowa+Górnicza+Gołonóg;5100925
Dąbrowa+Górnicza+Huta+Katowice+[przystanek+osobowy];5100931
Dąbrowa+Górnicza+Pogoria;5100927
Dąbrowa+Górnicza+Południowa;5100889
Dąbrowa+Górnicza+Sikorka;5100928
Dąbrowa+Górnicza+Strzemieszyce;5100929
Dąbrowa+Górnicza+Wschodnia;5100930
Dąbrowa+Górnicza+Ząbkowice;5100098
Dąbrowa+Niemodlińska;5100956
Dąbrowa+Oleśnicka;5100905
Dąbrowa-Łazy;5100903
Dąbrowica+Małopolska;5100932
Dąbrowice+Skierniewickie;5100995
Dąbrowy;5100877
Dąbrówka+Górkło;5100965
Dąbrówka+Kobułcka;5100902
Dąbrówka+Malborska;5100904
Deszczno;5100923
Dęba+Opoczyńska;5100917
Dębe+Wielkie;5100924
Dębica;5100228
Dęblin;5100099
Dębowy+Gaj;5100934
Dębska+Kuźnia;5100918
Długi+Kąt;5100946
Długie;5100942
Długołęka;5100944
Długopole-Zdrój;5100947
Dobczyn;5100961
Dobiegniew;5100966
Dobieszyn;5101038
Doboszowice;5101024
Dobra+koło+Limanowej;5100960
Dobre+Miasto;5100964
Dobrocin;5100962
Dobroń;5100988
Dobroszyce;5101026
Dobrowoda;5101009
Dobrynka;5101018
Dobryszyce+koło+Radomska;5100938
Dobrzechów;5101027
Dobrzejewice;5101029
Dobrzeń+Wielki;5101030
Dobrzyniewo+Duże;5100963
Dobrzyń;5100978
Dolice;5100959
Dolna+Odra;5100972
Dolnik;5100969
Domanin;5100970
Domaszków;5100975
Domaszowice;5100979
Dominów;5100951
Domisław;5100977
Dopiewo;5100973
Dorohusk;5100974
Dragacz;5100982
Drawiny;5100992
Drawski+Młyn;5100987
Drawsko+Pomorskie;5100980
Drogomyśl;5100989
Drużyna+Poznańska;5100990
Drzeńsko;5100994
Drzewce;5100983
Drzewica;5100986
Drzonowo;5100958
Drzycim;5100912
Drzymałowo;5100880
Dubidze;5100999
Dubielno;5101000
Dulowa;5101002
Dunowo;5101004
Duszniki-Zdrój;5100008
Dwory;5101014
Dygowo;5101017
Dytmarów;5101020
Działdowo;5100100
Dziembówko;5101031
Dziemiany+Kaszubskie;5100935
Dziergowice;5101034
Dzierżanów+Wielkopolski;5101032
Dzierżążno;
Dzierżoniów+Śląski;5101035
Dzietrzniki;5101036
Dziewule;5101015
Dzięczyn;5100913
Dzikowice;5100936
Dziwno;5101013
Elbląg;5100253
Ełk;5100305
Ełk+Szyba+Wschód;5101040
Ełk+Zachód;5101041
Fałkowo;5101045
Fasty;5101046
Firlus;5101048
Fiszewo;5101054
Fosowskie;5100101
Fronołów;5101050
Frysztak;5101049
Gajówka;5101063
Gałęzinowo;5104430
Gałkówek;5101064
Gamerki+Wielkie;5101066
Garbatka-Letnisko;5101072
Garbce;5101056
Garczegorze;5101103
Garczyn;5101075
Gardeja;5101112
Garki;5101164
Garwolin;5101067
Garzyn;5101076
Gawrony;5101305
Gąbin;5101081
Gądki;5101058
Gądków+Wielki;5101171
Gągławki;5101060
Gąsawy+Plebańskie;5101069
Gąsocin;5101071
Gdakowo;5101105
Gdańsk+Główny;5100009
Gdańsk+Lipce;5101114
Gdańsk+Matarnia;
Gdańsk+Oliwa;5101104
Gdańsk+Orunia;5101116
Gdańsk+Osowa;
Gdańsk+Politechnika;5101117
Gdańsk+Port+Lotniczy;
Gdańsk+Przymorze-Uniwersytet;5101242
Gdańsk+Stocznia;5101266
Gdańsk+Wrzeszcz;
Gdańsk+Zaspa;5101127
Gdańsk+Żabianka+AWFiS;5101317
Gdynia+Chylonia;5101091
Gdynia+Cisowa;5104585
Gdynia+Główna+(Osobowa);5100010
Gdynia+Grabówek;5101110
Gdynia+Leszczynki;5101311
Gdynia+Orłowo;5101118
Gdynia+Redłowo;5101126
Gdynia+Stocznia-Uniwersytet+Morski;5101120
Gdynia+Wielki+Kack;5101124
Gdynia+Wzgórze+Świętego+Maksymiliana;5101304
Geniusze;5101149
Gębarzewo;5101128
Gierałtów;5101154
Gierałtów+Wykroty;5101155
Gierwaty;5101151
Gilów;5101146
Giżycko;5100102
Gliniczek;5101203
Gliniszcze;5101213
Gliwice;5100011
Gliwice+Kuźnica;5101180
Gliwice+Łabędy;5101181
Głębokie+Międzyrzeckie;5101177
Głogów;5100012
Głogów+Huta;5101179
Głogów+Małopolski;5101178
Głogów+Małopolski+Południowy;5101183
Głogów+Wróblin;5104129
Głogówek;5101142
Głogówko;5101137
Głowaczewo;5101297
Głuchołazy;5101331
Głuchów;5101176
Głuszyno+Pomorskie;5101185
Gniewczyna;5101202
Gniewkowo;5101205
Gniezno;5100013
Goczałkowice;5101092
Goczałkowice-Zdrój;5101224
Goczałków;5101098
Godętowo;5101217
Godki;5101232
Godków;5100103
Godurowo;5101291
Gogolewo;5101220
Gogolin;5101140
Gola;5101225
Goleniów;5100105
Goleszów;5101277
Goleszów+Górny;5101139
Golęczewo;5101100
Golina;5101214
Goliszów;5101152
Gołańcz;5101319
Gołaszewo+Kujawskie;5101170
Gołąb;5101175
Gołąb+[dawna+lokalizacja];5101175
Gołotczyzna;5101187
Gołubie+Kaszubskie;5101160
Gomunice;5101226
Goniądz;5101147
Gorlice+Zagórzany;5101322
Gorzanów;5101327
Gorzędów;5101320
Gorzkowice;5101324
Gorzów+Chrzanowski;5101097
Gorzów+Wielkopolski;5100014
Gorzów+Wielkopolski+Karnin;5101303
Gorzów+Wielkopolski+Wieprzyce;5100106
Gorzów+Wielkopolski+Wschodni;5104796
Gorzów+Wielkopolski+Zamoście;5101326
Gorzów+Wielkopolski+Zieleniec;5101321
Gorzuchowo+Chełmińskie;5101221
Gorzupia;5101329
Gorzyca;5101310
Gostynin;5101279
Gostyń;5101236
Goszcza;5101268
Gościcino+Wejherowskie;5101302
Gościszewo;5101096
Gośniewice;5101269
Goświnowice;5101235
Goworowo;5101306
Góra;5101219
Górażdże;5101059
Górka+Duchowna;5101107
Górki+Noteckie;5101169
Górki+Pomorskie;5101239
Górki+Szczukowskie;5101274
Górki+Śląskie;5101168
Górna+Grupa;5101233
Górowo;5101228
Górzyca;5101310
Górzyniec;5101312
Grabiny;5101089
Grabowno+Wielkie;5101082
Grabowo;5101085
Grabów+nad+Pilicą;5101086
Grabów+Szlachecki;5101079
Grajewo;5101158
Gralewo;5101189
Granowiec;5101073
Granowo+Nowotomyskie;5101207
Grąblewo;
Gregorowce;5101259
Grębocice;5101130
Grębocin;5101131
Gręboszów;5101090
Grębów;5101247
Grodzie;5101111
Grodziec+Mały;5101193
Grodziec+Śląski;5101125
Grodzisk+Mazowiecki;5101255
Grodzisk+Mazowiecki+Jordanowice;5101194
Grodzisk+Mazowiecki+Okrężna;5101196
Grodzisk+Mazowiecki+Piaskowa;5101197
Grodzisk+Mazowiecki+Radońska;5101198
Grodzisk+Wielkopolski;5101263
Grodzisko+Dolne;5101162
Grodziszcze+Mazowieckie;5101332
Grom;5101257
Gromnik;5101256
Gronajny;5101204
Gronowo+Elbląskie;5101129
Grotniki;5101251
Grudze;5101284
Grudziądz;5101296
Grudziądz+Mniszek;5101195
Grudziądz+Owczarki;5101108
Grudziądz+Przedmieście;5101258
Grupa;5101282
Grybów;5101264
Gryfice;5100107
Gryfino;5100108
Gryfów+Śląski;5100109
Grylewo;5101254
Gryźliny;5101316
Grzegorzewo;5101141
Grzędzice;5101260
Grzępa;5101265
Grzęska;5101267
Grzmiąca;5100110
Grzybowa+Góra;5101249
Grzywna;5101315
Gułtowy;5101295
Gutowiec;5101294
Gwda+Mała;5101299
Hajnówka;5101334
Halinów;5101343
Hartowiec;5101351
Hel;5101340
Henrykowo;5101339
Henryków;5101341
Herby+Nowe;5100111
Herby+Stare;5100112
Hołówki+Duże;5101338
Hordzieżka;5100320
Horyniec-Zdrój;5101337
Hrebenne;5101335
Hrubieszów+Miasto;5101344
Hucisko;5101347
Hurko;5101346
Huta;5101345
Iława+Główna;5100075
Iława+Miasto;5101358
Iłowa+Żagańska;5101356
Iłowiec;5101357
Iłowo;5101361
Imbramowice;5101352
Imielin;5101359
Inowrocław;5100015
Inowrocław+Rąbinek;5101362
Inwałd;5101360
Iwin;5101363
Izbica;5101366
Jabłonowo+Pomorskie;5100113
Jabłoń+Kościelna;5101428
Jackowice;5101371
Jackowo+Dworskie;5101400
Jacków;5101368
Jadwiżyn;5101401
Jagodzin;5101421
Jaksice;5101377
Jaktorów;5101429
Jamielnik;5101438
Janikowo;5101442
Janinów;5101444
Jankowa;5101443
Jankowa+Żagańska;5101447
Jankowce;5101445
Jankowo+Dolne;5101441
Jankowo+Pomorskie;5101446
Janków+Przygodzki;5101454
Janowice+Wielkie;5101483
Janówek;5101486
Jarocin;5100016
Jarosław;5100233
Jarosty;5101381
Jaroszowiec+Olkuski;5101449
Jarszewo;5101383
Jarzębia+Łąka;5101378
Jarzębiec;5101456
Jasienica+Dolna;5101460
Jasienica+koło+Bielska;5101458
Jasienica+Mazowiecka;5101466
Jasień+Brzeski;5101467
Jasiona;5101468
Jasionka+Lotnisko;
Jasionna+Łowicka;5101465
Jasło;5100306
Jastarnia;5101385
Jastarnia+Wczasy;5104478
Jastrowie;5101471
Jastrząb;5101469
Jastrzębie+Pomorskie;5101382
Jastrzębna;5101461
Jastrzębsko;5101464
Jaszczów;5101491
Jaśkowice;5101472
Jaśkowice+Legnickie;5101432
Jaślany;5101387
Jawiszowice+Jaźnik;5101426
Jawor;5101487
Jaworze+Jasienica;5101485
Jaworzno+Ciężkowice;5101482
Jaworzno+koło+Wielunia;5101488
Jaworzno+Szczakowa;5100213
Jaworzyna+Śląska;5100077
Jazy;5101388
Jedlicze;5101396
Jedlicze+Męcinka;5101397
Jedlnia+Kościelna;5101410
Jedlnia-Letnisko;5101395
Jeglia;5101407
Jelcz+Laskowice;5102108
Jelcz+Miłoszyce;5101411
Jelenia+Góra;5100259
Jelenia+Góra+Cieplice+[dawna+lokalizacja];5100165
Jelenia+Góra+Orle;5101433
Jelenia+Góra+Sobieszów;5101423
Jelenia+Góra+Zachodnia;5101424
Jelenino;5101425
Jeleń;5101406
Jeleśnia;5101435
Jelna;5101402
Jełowa;5101437
Jeruty;5101419
Jerzmanice+Lubuskie;5101436
Jesionka;5101414
Jezierzany;5101493
Jezierzyce+Słupskie;5101502
Jeżewo;5101403
Jeżów+Sudecki;5101417
Jeżówka+(dawna+lokalizacja);5101496
Jędrzejów;5100115
Jędrzychowice;5101408
Jonkowo;5101450
Jordanów;5100116
Józefów;5101453
Józefów+Roztoczański;5101452
Julianka;5101476
Jurata;5101478
Justynów;5101479
Juszczyn;5101481
Kaczkowo;5101506
Kaczorowo;5104431
Kaczory;5101526
Kaczyce+koło+Cieszyna;5101546
Kalembina;5101581
Kalety;5100117
Kaliska;5101504
Kaliska+Kujawskie;5101514
Kalisz;5100017
Kalisz+Kaszubski;5101632
Kalisz+Pomorski;5101519
Kalisz+Pomorski+Miasto;5101747
Kalisz+Szczypiorno;5101781
Kalisz+Winiary;5101860
Kalwaria+Zebrzydowska;5101889
Kalwaria+Zebrzydowska+Lanckorona;5100118
Kałęczyn;5101571
Kały;5101515
Kamieniec+Ząbkowicki;5100018
Kamienna+Karczma;5101508
Kamienna+Nowa;5101704
Kamień+Mały;5100296
Kamień+Pomorski;5100247
Kamieńczyce;5101674
Kamieńsk;5101677
Kamionka+Wielka;5101670
Kamionki+Jezioro;5101513
Kanie;5101517
Kanie+Helenowskie;5101511
Kaniów;5101524
Karcino;5101551
Karczyn;5101555
Karlino;5101518
Karłowice;5101654
Karnkowo;5101644
Karsin;5101520
Karwica+Mazurska;5101859
Karwice;5101776
Karzec;5101890
Kasina+Wielka;5101789
Katowice;5100020
Katowice+Brynów;5101542
Katowice+Ligota;5101522
Katowice+Piotrowice;5101746
Katowice+Podlesie;5101808
Katowice+Szopienice+Południowe;5101812
Katowice+Załęże;5101527
Katowice+Zawodzie;5101537
Kawcze;5101525
Kawnice;5101851
Kazimierówka;5101896
Kazimierz+Pomorski;5101903
Kąkolewo;5101635
Kątne;5101803
Kąty+Wrocławskie;5101817
Kędzierzyn-Koźle;5100119
Kędzierzyn-Koźle+Azoty;5101579
Kędzierzyn-Koźle+Przystanek;5101593
Kędzierzyn-Koźle+Zachodnie;5101577
Kępa;5101569
Kępice;5101584
Kępka;5101745
Kępno;5100023
Kęszyce;5101587
Kętrzyn;5100120
Kęty;5101588
Kęty+Podlesie;5101592
Kiekrz;5101606
Kielce+Białogon;5101603
Kielce+Główne;5100022
Kielce+Herbskie;5100121
Kielce+Piaski;5101616
Kielce+Słowik;5103472
Kielce+Ślichowice;5101604
Kielcza;5101625
Kiełpino+Kartuskie;5101612
Kietlanka;5101602
Kijewo;5101628
Kity;5101619
Klecza+Dolna;5101650
Klecza+Górna;5101652
Klembów;5101658
Klementowice;5101664
Klepacze;5101648
Kleszczele+[dawna+lokalizacja];5101657
Klewki;5101591
Klępnica;5101748
Klimontów;5101613
Kliniska;5101786
Kluczbork;5100236
Kłaj;5101655
Kłodawa;5101563
Kłodzko+Główne;5101564
Kłodzko+Książek;5101566
Kłodzko+Miasto;5101567
Kłodzko+Zagórze;5101662
Kłokowa;5101666
Kłomnice;5101672
Kłudna;5101665
Knyszyn;5101713
Kobiór;5103873
Kobylany+[przystanek+osobowy];5104583
Kobylec;5101529
Kobylin;5101716
Kobylnica;5101536
Kobylnica+Słupska;5101539
Kobyłka;5101534
Kobyłka+Ossów;5102639
Kochanowice;5101550
Kochanówka+Pustków;5101557
Kojszówka;5101724
Kokotów;5101643
Kolbuszowa;5101540
Kolin;5101723
Kolonia;5101720
Kolonowskie;5101864
Kolumna;5101668
Koluszki;5100024
Kołbiel;5101661
Koło;5100258
Kołobrzeg;5100025
Kołobrzeg+Stadion;
Kołodziejewo;5101565
Komańcza;5101726
Komańcza+Letnisko;5101690
Komorowo+Żuławskie;5101871
Komorów;5101687
Komprachcice;5101681
Koniecpol;5100122
Koniecpol+Magdasz;5101703
Konin;5100026
Konin+Zachód;5101895
Konin+Żagański;5101894
Konojady;5101700
Konopki;5101706
Konotopie;5101805
Kończyce;5101876
Końskie;5101783
Kopalina;5101605
Kornatowo;5101771
Kornelin;5101763
Kornica;5101544
Korsze;5100123
Korwinów;5101868
Korzenica;5101901
Korzeńsko;5101906
Korzybie;5101875
Kosewo;5101731
Kosina;5102175
Kosiorki;5101793
Kosowo+Wielkopolskie;5101787
Kostomłoty;5101809
Kostów;5101815
Kostrzyn;5100214
Kostrzyn+Wielkopolski;5101819
Koszalin;5102441
Koszewnica;5101797
Koszęcin;5101574
Kościan;5100124
Kościernica;5101558
Kościerzyna;5101624
Kotlin;5101806
Kotomierz;5101804
Kotórz+Mały;5101900
Kotulin;5101825
Kotuń;5101733
Kowalewo+Pomorskie;5100125
Kowalów;5101736
Kozia+Góra;5101902
Koziebrody+(poprzednia+lokalizacja);5101905
Koziołek;5101898
Kozłowo;5101893
Kozłów;5101911
Kozuby;5101908
Kozy;5101737
Kozy+Zagroda;5101596
Koźla+Kożuchowska;5101559
Koźmin+Wielkopolski;5101675
Kórnik;5101620
Krajenka;5101630
Kraków+Batowice;5101756
Kraków+Bieżanów;5101757
Kraków+Bieżanów+Drożdżownia;5101759
Kraków+Bonarka;5101528
Kraków+Główny;5100028
Kraków+Łagiewniki;5101531
Kraków+Łobzów;5101633
Kraków+Mydlniki;5101689
Kraków+Mydlniki+Wapiennik;5101673
Kraków+Płaszów;5100240
Kraków+Podgórze+P2;5101638
Kraków+Sidzina;5101773
Kraków+Swoszowice;5101642
Kraków+Zabłocie;5101645
Kramsk;5101755
Krasiejów;5101765
Kraski;5101764
Krasnołąka;5101575
Krasnystaw+Miasto;5101788
Kraśnik;5101576
Kręcko;5101634
Krężel;5101585
Krężnica+Jara;5101626
Krobia;5101533
Krojanty;5101631
Krosno;5101770
Krosno+Miasto;5101768
Krosno+Polanka;5101750
Krosno+Turaszówka;5101774
Krosnowa;5101799
Krosnowice+Kłodzkie;5101547
Krostkowo;5101818
Krościenko;5101621
Krośnice;5101623
Krośnice+Mazowieckie;5101589
Krotoszyn;5100307
Królewo+Malborskie;5101848
Kruszwica;5101881
Kruszyna;5101881
Krynica-Zdrój;5100029
Krynka+Łukowska;5101778
Krzak;5103158
Krzcięcice;5101897
Krzemienica;5101688
Krzemieniewo;5101852
Krzemionki;5101682
Krzepice;5101753
Krzepów;5101854
Krzeszna;5101712
Krzeszowice;5101863
Krzewie;5101844
Krzycko+Wielkie;5101866
Krzymosze;5101880
Krzywda;5101877
Krzywin+Gryfiński;5101595
Krzywizna;5101887
Krzyż;5100030
Krzyżanowice;5101874
Krzyżowa;5101885
Książki;5101780
Książno;5101801
Księginice;5101784
Kubice;5101821
Kudowa-Zdrój;5100031
Kuklinów;5101830
Kuleje;5101824
Kulice+Tczewskie;5101838
Kulin+Kłodzki;5101639
Kundzin;5101823
Kunowice;5100083
Kunów;5101833
Kupienino;5101835
Kurów+Suski;5101796
Kusięta+Nowe;5101837
Kustrzyce;5101795
Kutno;5100032
Kuźnia+Raciborska;5101843
Kuźnica+(Hel);5101827
Kuźnica+Białostocka;5100033
Kwiatki;5101855
Kwidzyn;5101850
Kwieciszowice;5101849
Lachowice;5101920
Lachowice+Centrum;5101955
Laliki;5101924
Lasek;5101918
Laski+Lubuskie;5102049
Laski+Tucholskie;5102113
Laskowice+Oleskie;5102111
Laskowice+Pomorskie;5100128
Laskownica;5102107
Lasocice;5102104
Lasów;5101933
Lednogóra;5101979
Legionowo;5101981
Legionowo+Piaski;5100323
Legionowo+Przystanek;5102099
Legnica;5100035
Legnica+Piekary;
Leluchów;5101985
Leńcze;5101987
Leokadia;5102038
Leopoldów;5102097
Leosia;5101990
Lesięcin;5101958
Lesiów;5101994
Lesko+Łukawica;5102052
Leszczydół;5102115
Leszczyny;5101991
Leszno;5100036
Leszno+Górne;5101998
Leszno+Grzybowo;5102003
Leśnice;5102106
Leśniczówka;5102062
Letnica;5102118
Lewickie;5102150
Lewin+Brzeski;5101950
Lewin+Kłodzki;5102041
Lewki;5101995
Leżajsk;5101997
Lębork;5100129
Lębork+Nowy+Świat;5102068
Lędziechowo;5101969
Libiąż;5102009
Libusza;5102010
Lidzbark+Miasto;5101971
Ligota+Toszecka;5102119
Ligowiec;5102001
Linkowo;5102064
Linowo;5102021
Lipa;5102090
Lipce+Reymontowskie;5102102
Lipie+Góry;5102025
Lipienica;5102092
Lipinki;5102093
Lipinki+Łużyckie;5102094
Lipińskie+Małe;5102057
Lipka+Krajeńska;5102018
Lipki;5102023
Lipno;5102022
Lipno+Nowe;5102069
Lipowa+Tucholska;5102027
Lipowa+Wschodnia;5102154
Lipowe+Pole;5102098
Lipuska+Huta;5102015
Lipusz;5102028
Lisewo;5102030
Lisie+Pole;5102013
Lisowice;5102031
Lisowo;5102024
Lisów;5102026
Lizawice;5102033
Lniano;5102063
Lotyń;5102086
Lubaczów;5101939
Lubajny;5102131
Lubania-Lipiny;5101943
Lubanice;5101947
Lubanie;5102126
Lubań+Śląski;5100224
Lubartów+Lipowa;
Lubartów+Słowackiego;
Lubaszowa;5101951
Lubicz;5101954
Lubiewo;5102130
Lubin;5100308
Lublin+Główny;5100037
Lublin+Północny;
Lublin+Zachodni;
Lublin+Zadębie;
Lublin+Zemborzyce;5102169
Lubliniec;5100237
Lubnia;5102061
Lubomino;5102058
Luboń+koło+Poznania;5102044
Lubycza+Królewska;5102158
Lubzina;5102168
Luciążanka;5101956
Lucynów;5102161
Ludynia;5102145
Ludynia+Dwór;5101967
Lusławice;5102053
Lutol+Suchy;5102140
Luzino;5102146
Lwówek+Śląski;5102152
Ładzin;5101917
Łambinowice;5101925
Łankiejmy;5101926
Łańcut;5101932
Łapy;5100127
Łapy+Osse;5101927
Łasin+Koszaliński;5102040
Łask;5101931
Łaskarzew;5102163
Ławica;5101934
Łaziska+Górne;5102167
Łaziska+Górne+Brada;5101999
Łaznów;5101935
Łazy;5101936
Łączna;5101965
Łąg;5101919
Łąkociny;5101929
Łążek;5101937
Łeba;5101977
Łęczyca;5101964
Łęgajny;5101996
Łęgowo+Sulechowskie;5102006
Łęka+Opatowska;5102043
Łętownia;5101992
Łobez;5100126
Łobzowiec;5101938
Łochów;5102073
Łodygowice;5102074
Łodygowice+Górne;5102076
Łomnica+Dolna;5102166
Łomnica+Średnia;5102166
Łomnica-Zdrój;5102166
Łopatki;5102100
Łopuchowo;5102083
Łosiów;5102085
Łososiowice;5102075
Łowczów;5102088
Łowczówek+Pleśna;5104542
Łowicz+Główny;5100167
Łowicz+Przedmieście;5102077
Łoźnica;5102071
Łódź+Andrzejów;5100335
Łódź+Fabryczna;5100317
Łódź+Kaliska;5100039
Łódź+Lublinek;5102051
Łódź+Niciarniana;5102081
Łódź+Widzew;5100974
Łódź+Żabieniec;5102173
Łubiana;5102122
Łubowo;5102136
Łuczyce;5102124
Ługi+Górzyckie;5102128
Łuków;5100168
Łuków+Łapiguz;5102132
Łuków+Śląski;5102047
Łuków+Zapowiednik;5104581
Łupków;5102153
Łupowo;5100299
Łysomice;5102162
Machnacz;5102295
Majdan;5102174
Majewo;5102181
Maków;5102269
Maków+Podhalański;5102179
Maksymilianowo;5102182
Malbork;5100040
Malbork+Kałdowo;5102267
Malczyce;5102278
Malichy;5102282
Małaszewicze+[przystanek+osobowy];5100215
Małdyty;5100309
Małe+Gacno;5102178
Małkinia;5100087
Małogoszcz;5102280
Małomice;5102184
Małowice+Wołowskie;5102366
Mańkowice;5102300
Marcinkowo;5102201
Marcinków;5104453
Marciszów;5100078
Marczów;5102187
Martiany;5102332
Marzenin;5102329
Masłońskie+Natalin;5102188
Matysy;5102189
Mąkoszyce;5102271
Medyka;5102215
Medyka+Rozrządowa;5104792
Medyka+Towarowa;5104793
Mełno;5102211
Męcikał;5102218
Męcka+Wola;5102228
Miały;5102234
Miasteczko+Krajeńskie;5102266
Miasteczko+Śląskie;5104536
Miastko;5102239
Miąsowa;5102344
Michalczew;5102236
Michalin;5102241
Michałowice;5102199
Michałów-Reginów;5102203
Miechów;5100218
Miedwiecko;5102208
Mielec;5102238
Mienia;5102242
Mierzęcin+Strzelecki;5102226
Mieszaki;5100327
Mieszkowice;5102220
Mieszków;5102385
Mietków;5102353
Międzyborów;5102205
Międzybórz+Sycowski;5102213
Międzylesie;5100225
Międzyrzec+Podlaski;5102249
Międzyrzecz;5102229
Międzyzdroje;5100252
Miękinia;5102265
Mika;5102262
Mikołajki;5100170
Mikołajki+Pomorskie;5102283
Mikołów;5102244
Mikołów+Jamna;5102259
Milanówek;5102298
Milanówek+Grudów;5102240
Milcz;5102245
Milcza;5102196
Milejów;5102243
Milicz;5102258
Milik;5102256
Milówka;5102364
Milówka+Zabawa;5104494
Miłkowice;5102263
Miłobądz;5102277
Miłocin+Lubelski;5102285
Miłogoszcz;5102288
Miłosław;5102342
Minkowice;5102247
Minkowice+Oławskie;5102301
Mińsk+Mazowiecki;5102293
Mińsk+Mazowiecki+Anielina;5104520
Misie;5102252
Mleczewo;5102279
Mława;5100219
Mława+Miasto;5102292
Młodów;5102287
Młynary;5102291
Młyńsko;5102284
Modlin;5102206
Modła;5102311
Mogilno;5100220
Mokra;5102303
Mokra+Wieś;5102319
Mokre+Małopolskie;5102312
Mokrz;5102310
Mokrzyca;5102320
Mokrzyca+Wielka;5102274
Montowo;5102313
Mońki;5102308
Morąg;5100310
Morąg+Kolonia;5102231
Mordy;5102209
Mordy+Miasto;5102374
Morochów;5102307
Morzeszczyn;5102384
Morzyca;5102390
Mosina;5102343
Moskale;5102264
Mostki;5102317
Mostówka;5102354
Mosty;5102350
Moszczenica;5102383
Moszczenica+Małopolska;5102386
Moszczenica+Pomorska;5102388
Mościsko+Dzierżoniowskie;5102197
Motycz;5102318
Motycz+Leśny;5102355
Motycz+Leśny+(dawna+lokalizacja);5102355
Mrozów;5102335
Mrozy;5100174
Mrzezino;5102324
Mszalnica;5102349
Mszana+Dolna;5102338
Mścice;5102340
Munina;5102356
Murowana+Goślina;5102357
Muszyna;5100041
Muszyna+Poprad;5102359
Muszyna+Zdrój;5102362
Mykanów;5102372
Mysłaków;5102367
Mysłowice;5100175
Mysłowice+Brzezinka;5102194
Mysłowice+Brzęczkowice;5103013
Mysłowice+Kosztowy;5101800
Mysłowice+Wesoła+[WsB];5103103
Myszków;5102341
Myszków+Mrzygłód;5102325
Myszków+Nowa+Wieś;5102302
Myszków+Światowit;5102379
Najmowo;5102394
Nakło+nad+Notecią;5100254
Nakło+Śląskie;5102453
Nałęczów;5100176
Namysłów;5100177
Namyślin;5102396
Narzym;5102403
Nasielsk;5100178
Naterki;5102400
Nekla;5102411
Nędza;5102415
Nędza+Wieś;5102429
Nicwałd;5102435
Nidzica;5100248
Niedoradz;5102412
Niedrzwica;5102433
Niedrzwica+Kościelna;5102454
Niedźwiada+Łowicka;5102420
Niedźwiedź;5102416
Niedźwiedź+Wielkopolski;5102418
Niegocin;5102430
Niegosławice;5102438
Niekłonice;5102441
Nielep;5102472
Niemce;
Niemojki;5102423
Nieporęt;5102446
Nieszawa+Waganiec;5102417
Nietkowice;5102487
Niewodnica;5102428
Nisko;5102447
Nisko+Osiedle;5102445
Nisko+Podwolina;5102440
Nisko+Racławice;5102475
Niziny;5102451
Nosówko;5102469
Nowa+Grobla;5102462
Nowa+Iwiczna;5102463
Nowa+Sarzyna;5102484
Nowa+Sarzyna+Kolonia;5102481
Nowa+Sól;5100043
Nowa+Sucha;5101988
Nowa+Wieś+Cierpkie;5102493
Nowa+Wieś+Legnicka;5102499
Nowa+Wieś+Lęborska;5102457
Nowa+Wieś+Warszawska;5102492
Nowa+Wieś+Wielka;5102497
Nowawieś+Mochy;5102500
Nowe+Dębe+Wielkie;5104584
Nowe+Drezdenko;5102461
Nowe+Kutnowskie;5102470
Nowe+Skalmierzyce;5102482
Nowiny+Wielkie;5100297
Nowogard;5100180
Nowogród+Bobrzański;5102459
Nowogród+Osiedle;5102494
Nowosielce;5102479
Nowy+Bieruń;5103796
Nowy+Dwór+Mazowiecki;5102409
Nowy+Jarosław;5107173
Nowy+Las;5102456
Nowy+Łupków;5102511
Nowy+Młyn;5102458
Nowy+Nurzec;5102512
Nowy+Sącz;5100042
Nowy+Sącz+Biegonice;5102477
Nowy+Sącz+Jamnica;5102480
Nowy+Solec;5102513
Nowy+Świętów;5102486
Nowy+Targ;5100181
Nowy+Tomyśl;5102514
Nowy+Widzim;5102491
Nowy+Zagórz;5102515
Nurzec;5102490
Nysa;5100044
Oborniki+Śląskie;5100182
Oborniki+Wielkopolskie;5100183
Oborniki+Wielkopolskie+Miasto;5102646
Oborzyska+Stare;5102523
Obra+Stara;5102524
Obrowo;5102522
Ociąż;5102527
Odoje;5102535
Odolanów;5102538
Odolion;5102537
Ognica;5102540
Ograszka;5102544
Ogrodniki;5102541
Okartowo;5102551
Okmiany;5102554
Okonek;5102556
Okrąglica;5102557
Okrzeja;5102559
Olecko;5100184
Olecko+Małe;5102568
Olesno+Śląskie;5100185
Oleszyce;5102574
Oleśnica;5100080
Oleśnica+Rataje;5100245
Olkusz;5102573
Olpuch;5102562
Olpuch+Wdzydze;5102570
Olszanica;5102571
Olszewo;5102657
Olsztyn+Główny;5100045
Olsztyn+Gutkowo;5101293
Olsztyn+Zachodni;5102650
Olsztynek;5102656
Olszyna+Lubańska;5102567
Olszyny;5102649
Olza;5102575
Oława;5102560
Opacz;5102586
Opalenica;5102591
Opatówek;5102595
Opoczno;5102592
Opole+Borki;5100561
Opole+Chmielowice;5100764
Opole+Czarnowąsy;5100783
Opole+Główne;5100046
Opole+Gosławice;5102589
Opole+Groszowice;5102588
Opole+Grotowice;5102545
Opole+Wschodnie;5102587
Opole+Zachodnie+[przystanek+osobowy];5102597
Orneta;5102605
Orzechowo;5102610
Orzesze;5102600
Orzesze+Jaśkowice;5102601
Orzeszkowo;5102602
Orzeszków;5102608
Orzysz;5102609
Osetnica;5102616
Osie;5102611
Osielec;5102548
Osina;5102622
Osławica;5102612
Osola;5102623
Osowiec;5102584
Osowiec+Przystanek;5102593
Ostaszewo+Toruńskie;5102626
Ostrołęka;5102624
Ostrowie+Biebrzańskie;5102613
Ostrowiec+Świętokrzyski;5102647
Ostrowite+koło+Jabłonowa;5102549
Ostrowy;5102585
Ostróda;5100216
Ostrów+koło+Radymna;5102641
Ostrów+Wielkopolski;5100047
Ostrów+Wielkopolski+Gorzyce;5102645
Ostrówek+Węgrowski;5102642
Ostrówki+koło+Chodzieży;5102529
Ostrzeszów;5100223
Oświęcim;5100048
Otłoczyn;5102632
Otmice;5101684
Otmuchów;5100187
Otmuchów+Jezioro;5102630
Otoczna;5102634
Otok;5102631
Otrębusy;5102635
Otusz;5102636
Otwock;5102637
Otwock+Śródborów;5103584
Otwock+Świder;5103676
Owińska;5102643
Ozimek;5102652
Ozorków;5102654
Ożarów+Mazowiecki;5102577
Pabianice;5100188
Pacholęta;5102665
Paczkowo;5102660
Paczków;5102692
Paczyna;5102658
Padew;5102661
Palędzie;5102796
Pamiątkowo;5102670
Panki;5102671
Panowice;5102840
Papowo+Toruńskie;5102874
Parczew+Kolejowa;5104684
Parkowo;5102791
Parleza+Wielka;5102963
Parlin;5102680
Parłówko;5102966
Pasieki;5102666
Pasłęk;5100311
Pasym;5102908
Patków;5102676
Pawłowice;5102679
Pawłów+Wielkopolski;5102674
Pawłówek;5102975
Pawonków;5102969
Pątnów+Wieluński;5102677
Pelplin;5102724
Pełkinie;5102722
Perkowice;5102720
Perkowo;5102729
Petrykozy;5102930
Pewel+Mała;5102725
Pewel+Wielka;5102732
Pewel+Wielka+Centrum;5102961
Pęckowo;5102718
Pęgów;5102721
Pępowo;5102728
Pępowo+Kartuskie;5102723
Pęzino;5102735
Piasecznica;5102903
Piaseczno;5102694
Piasek;5102752
Piastoszyn;5102915
Piastów;5102772
Piechowice;5102759
Piechowice+Dolne;5102755
Pieczyska;5102774
Piekoszów;5102790
Pieniężno;5102842
Pieńki+Dubidzkie;5102719
Pieńsk;5102756
Pierławki;5102757
Pierściec;5102689
Pierzchno;5102997
Pierzyska;5102717
Piesienice;5102730
Pietrzykowice+Żywieckie;5102927
Pikus;5102762
Pilawa;5100189
Pilchowice+Nielestno;5102749
Pilchowice+Zapora;5102751
Pilchów;5102761
Piła+Główna;5100049
Piła+Kalina;5102779
Piła+Leszków;5102798
Piła+Podlasie;5102872
Piława+Górna;5102743
Pinczyn;5102765
Pionki;5102766
Pionki+Zachodnie;5102775
Piotrków+Kujawski;5102768
Piotrków+Trybunalski;5100190
Pisz;5100191
Piwniczna;5102773
Piwniczna-Zdrój;5102976
Platerów;5102924
Pleszew;5100192
Pleszew+Lipowa;5106546
Pleszew+Miasto;5106545
Pleszew+Wąskotorowy;5106548
Pliszka;5102801
Pludry;5102812
Pławna;5102808
Płochocin;5102800
Płociczno+koło+Suwałk;5102810
Płock;5102795
Płońsk;5102803
Płośnica;5102829
Płoty;5100193
Płyćwia;5102816
Płytnica;5102980
Pobiedziska;5102845
Pobiedziska+Letnisko;5102685
Podbiele;5102847
Podborsko;5102699
Podbory+Skawińskie;5102711
Poddębice;5102848
Podkowa+Leśna+Główna;5102705
Podkowa+Leśna+Wschodnia;5102706
Podkowa+Leśna+Zachodnia;5102792
Podlasek;5102702
Podlesie;5102704
Podlesiec;5102700
Podleś;5102849
Podłęże;5102715
Podolany;5102714
Podstolice;5102712
Podwierzbie;5102960
Podzamcze;5104477
Pogorzel+Warszawska;5102746
Pogorzelice;5102742
Pogórze;5102850
Pogwizdów;5102740
Pokrzywnica;5102854
Polanica-Zdrój;5100050
Polesie;5102875
Polichna+Kraśnicka;5102748
Policzna;5102863
Polna;5102843
Pomiechówek;5102819
Pomorsko;5102856
Ponętów;5102929
Poniec;5102857
Popielów;5102871
Popowo+Skwierzyńskie;5102873
Poraj;5102860
Porażyn;5102826
Poronin;5102891
Porosiuki;5104424
Potęgowo;5102925
Potok;5102862
Potok+Kraśnicki;5102789
Powałki;5102865
Powroźnik;5102972
Poznań+Antoninek+[dawna+lokalizacja];5102827
Poznań+Dębiec;5102830
Poznań+Dębina;5102828
Poznań+Garbary;5102737
Poznań+Główny;5100081
Poznań+Górczyn;5102738
Poznań+Junikowo;5102853
Poznań+Karolin;5102838
Poznań+Krzesiny;5102841
Poznań+Starołęka;5100226
Poznań+Strzeszyn;5102914
Poznań+Wola;5102835
Poznań+Wschód;5102867
Pożóg+(dawna+lokalizacja);5102858
Półwieś;5102965
Prabuty;5100194
Prabuty+Góry;5102684
Prioma;5102883
Promno;5102823
Prostki;5102889
Prostynia;5102926
Prostyń;5102888
Pruchna;5102948
Prudnik;5100051
Pruszcz+Gdański;5102942
Pruszcz+Pomorski;5102950
Pruszków;5100330
Pruszków+WKD;5102940
Przeciszów;5102993
Przecza;5102696
Przedmoście+Święte;5102707
Przemyśl+Główny;5100234
Przemyśl+Wschodni;5102824
Przemyśl+Zasanie;5102825
Przeradz;5103005
Przetycz;5103007
Przeworsk;5100195
Przybówka;5102992
Przybyłowice;5102982
Przygodzice;5102996
Przykopka;5102899
Przyłęk+Duży;5102878
Przyłubie;5102895
Przysieczyn;5103006
Przysieka+Stara;5102978
Przysucha;5103008
Przytkowice;5103000
Przytocko;5103004
Przywory+Opolskie;5102985
Pstroszyce;5100914
Pszczółki;5102921
Pszczyna;5102920
Pszczyna+Czarków;5104497
Ptaszkowa;5102922
Ptaszkowo+Wielkopolskie;5102931
Ptusza;5102932
Puck;5102936
Pułankowice;5102945
Puławy;5102946
Puławy+Chemia;5102943
Puławy+Miasto;5102947
Pustków;5102952
Pustynia+(dawna+lokalizacja);5102953
Puszczykowo;5102955
Puszczykówko;5102949
Pyskowice;5102987
Pyzówka;5102989
Raba+Niżna;5103125
Raba+Wyżna;5103015
Rabka+Zaryte;5103016
Rabka-Zdrój;5103045
Racewo;5103017
Raciąż;5103051
Racibory;5103048
Racibórz;5100263
Racibórz+Markowice;5103053
Racławice+Śląskie;5100201
Racławki;5103052
Raczki;5103022
Radkowice;5103060
Radliczyce;5103025
Radlin+Obszary;5103971
Radlin+Wielkopolski;5103061
Radnica;5103063
Radom+Główny;5100052
Radom+Południowy;5103065
Radomsko;5100088
Radomyśl;5103028
Radostowice;5101535
Radów;5103067
Raduń;5103027
Radymno;5103068
Radzice+[STTH];5103059
Radziechowy+Wieprz;5103021
Radzionków;5100657
Radzionków+Rojca;5100650
Radziszów;5103057
Radziwiłłów+Mazowiecki;5103026
Radzymin;5103217
Radzyń+Podlaski;
Rajcza;5103104
Rajcza+Centrum;5104519
Rajec+Poduchowny;5103106
Rajsk+(d.+lokalizacja);5103023
Rakoniewice;5103127
Rakoniewice+Milickie;5103129
Rakowice;5103024
Ramiszów;
Raszowa;5103031
Rawicz;5100202
Rąbino;5103046
Reblino;5103072
Recław;5103073
Recz+Pomorski;5103091
Reda;5103070
Reda+Pieleszewo;5103075
Reda+Rekowo;5103080
Redaki;5103071
Reguły;5103090
Rejowiec;5103079
Reptowo;5103084
Rębiechowo;5103077
Rębiszów;5103044
Rębusz;5103047
Rogale;5103139
Rogalice;5103137
Rogiedle;5103093
Rogoźnica;5103094
Rogoźno+Wielkopolskie;5100203
Rogów;5103098
Rogóźno+Pomorskie;5103096
Rogóżno+koło+Łańcuta;5103111
Rokiciny;5103144
Rokiciny+Podhalańskie;5103149
Rokietnica;5103116
Rokita;5103110
Rokitki;5103142
Rokitki+Tczewskie;5103152
Rokitnia+Stara;5103115
Ropczyce;5103157
Ropczyce+Witkowice;5104170
Rosochatka;5103148
Rostarzewo;5103167
Roszków+Raciborski;5103150
Rozedranka;5103138
Rozprza;5103160
Roztoki+Bystrzyckie;5103170
Rożki;5103234
Rożnowo;5103130
Różanystok;5103036
Różyny;5103133
Ruchocice;5103180
Ruciane-Nida;5100204
Ruciane-Nida+Zachód;5103134
Ruda;5103175
Ruda+Białaczowska;5103185
Ruda+Chebzie;5103058
Ruda+Śląska;5103162
Ruda+Talubska+(dawna+lokalizacja);5103192
Ruda+Wielka;5103201
Rudawa;5103176
Rudna+Gwizdanów;5100206
Rudna+Miasto;5103121
Rudna+Wielka;5103199
Rudnik+nad+Sanem;5103112
Rudnik+Stróża;5103128
Rudniki+koło+Częstochowy;5103109
Rudyszwałd;5103222
Rudzienice+Suskie;5103193
Rudziniec+Gliwicki;5103181
Rumia;5103186
Runowo+Pomorskie;5100207
Rurka;5103190
Rusiec+Łódzki;5103119
Rusinowice;5103166
Ruszów;5103196
Rutkowice;5103172
Rybienko;5103042
Rybnica;5103213
Rybnik;5100262
Rybnik+Gotartowice;5103043
Rybnik+Niedobczyce;5103039
Rybnik+Niewiadom;5103041
Rybnik+Paruszowiec;5103224
Rybnik+Piaski;5103156
Rybnik+Rymer;5103161
Rybnik+Towarowy;5103169
Rybno+Pomorskie;5103159
Rycerka;5103206
Rychnowo+Wielkie;5103050
Ryczów;5103208
Rydułtowy;5103968
Rydzyna;5103209
Ryjewo;5103214
Ryki+Ładownia;5103215
Rykoszyn;5103118
Rynkowo;5103225
Rynkowo+Wiadukt;5103126
Rytel;5103210
Rytel+Wieś;5103223
Rytro;5103221
Rząsawa;5103229
Rzeczyca;5103230
Rzeczyca-Kolonia;5103235
Rzeczyce+Śląskie;5103243
Rzemień;5103236
Rzepedź;5103239
Rzepin;5100082
Rzerzęczyce;5103240
Rzeszów+Centrum;5101222
Rzeszów+Główny;5100229
Rzeszów+Osiedle;5103242
Rzeszów+Pobitno;5101225
Rzeszów+Staroniwa;5103241
Rzeszów+Załęże;5104358
Rzeszów+Zwięczyca;5104402
Rzezawa;5103244
Rzęśnica;5103164
Rzochów;5103232
Rzozów;5103238
Sabinka;5103247
Sadlinki;5103254
Sadowice+Wrocławskie;5103248
Sadowne+Węgrowskie+STTH;5103267
Sadurki;5103256
Samborowo;5103258
Samostrzel;5103270
Sanok;5100312
Sanok+Dąbrówka;5103259
Sanok+Miasto;5103510
Santok;5103515
Sarbiewo;5103573
Sarnaki;5103246
Sarnów;5103262
Sątopy;5103264
Sątopy-Samulewo;5103263
Serock;5103351
Seroki;5103347
Sędzice;5103337
Sędzisław;5103361
Sędziszów;5100208
Sędziszów+Małopolski;5103349
Sidra;5103398
Siechnice;5103403
Siedlce;5100053
Siedlce+Baza;5104580
Siedlce+Łaskie;5103326
Siedlęcin;5103341
Siedliska;5103395
Siedliska+koło+Tuchowa;5103325
Siedliska+Tomaszowskie;5103333
Siedlisko+Czarnkowskie;5103319
Siemiatycze;5103355
Sieniawa;5103518
Sieniawa+Żarska;5103420
Sieradz;5100054
Sieradz+Męka;5103336
Sieradz+Warta;5103358
Sierakowice+Skierniewickie;5103413
Sieraków+Śląski;5103405
Sierpc;5103410
Sierpów;5103412
Siewierz;5104020
Silno;5103406
Silnowo;5103416
Sińczyca;5103408
Sitkówka+Nowiny;5103520
Sitno;5103414
Sitowa;5103417
Skalmierz;5103434
Skarżysko+Kościelne;5103595
Skarżysko+Milica;5103436
Skarżysko+Zachodnie;5103594
Skarżysko-Kamienna;5100209
Skawa;5103426
Skawa+Środkowa;5103441
Skawce;5103428
Skawina;5100130
Skawina+Zachodnia+[dawna+lokalizacja];5103402
Skępe;5103430
Skibno;5103396
Skierniewice;5100294
Skierniewice+Rawka;5103587
Sklęczki;5103435
Skoczów;5103315
Skoczów+Bładnice;5103427
Skoki;5103437
Skoki-Borowa;5104235
Skokowa;5103439
Skomack+Wielki;5103302
Skopanie;5103438
Skorzewo;5103445
Skowarcz;5103696
Skórka;5103431
Skrzatusz;5103442
Skrzydlna;5103578
Skrzynki;5103440
Skwierzyna;5103432
Sława+Wielkopolska;5103460
Sławięcice;5103301
Sławki;5103449
Sławków;5103470
Sławno;5100131
Słomianka;5103471
Słomniki;5103461
Słomniki+Miasto;5103465
Słonice;5103463
Słonowice;5103501
Słosinko+[dawna+lokalizacja];5103467
Słotwiny;5103468
Słowienkowo;5103454
Słupca;5103469
Słupia;5103464
Słupsk;5100055
Smardy;5103474
Smardzów+Wrocławski;5103493
Smętowo;5103477
Smolec;5103483
Smolniki;5103485
Smroków;5103489
Sobków;5103279
Sobolew;5103522
Sobów;5103289
Sochaczew;5103525
Sokoliniec;5103528
Sokołowo+Budzyńskie;5103288
Sokółka;5100132
Sokule;5103542
Solec+Kujawski;5103527
Solniki+Wielkie;5103507
Sołtyków;5103541
Somonino;5103534
Sopot;5100056
Sopot+Kamienny+Potok;5103557
Sopot+Wyścigi;5103537
Sorkwity;5103539
Sosnowe+(dawna+lokalizacja);5103540
Sosnowiec+Dańdówka;5103320
Sosnowiec+Główny;5100133
Sosnowiec+Kazimierz;5103608
Sosnowiec+Maczki;5103609
Sosnowiec+Południowy;5100197
Sosnowiec+Porąbka;5103616
Sośnica+Jarosławska;5103604
Sośnie+Ostrowskie;5103536
Sowczyce;5103547
Sowin;5103544
Sól;5103533
Sól+Kiczora;5103293
Spławie;5103556
Spychowo;5103565
Spytkowice;5103562
Spytkowice+Kępki;5103555
Stalowa+Wola;5100313
Stalowa+Wola+Centrum;5103265
Stalowa+Wola+Południe;5103639
Stalowa+Wola+Rozwadów;5100314
Staniątki;5103627
Stanisławice;5103514
Staniszcze+Małe;5103521
Stanowice;5103362
Stara+Kamienica;5103390
Stara+Łubianka;5103590
Stara+Wieś;5103591
Starachowice;5103626
Starachowice+Michałów;5103577
Starachowice+Wschodnie;5103253
Starczów;5103643
Stare+Bielice;5100135
Stare+Bojanowo;5103278
Stare+Drzewce;5103331
Stare+Jabłonki;5100169
Stare+Juchy;5103628
Stare+Kurowo;5103443
Stare+Olesno;5103576
Stare+Pole;5103586
Stargard;5100198
Starkowo;5103593
Starogard+Gdański;5103381
Staropole+Częstochowskie;5103549
Stary+Borek;5103271
Stary+Jawor;5103579
Stary+Klukom;5103728
Stary+Sącz;5103727
Stary+Węgliniec;5103716
Stary+Wielisław;5103730
Stasin+Polny;5103596
Staw+Kunowski;5103261
Stawiguda;5103379
Stawno;5103678
Stawy;5103693
Stąporków;5103634
Stefanowo;5103624
Steknica;5103623
Sterkowiec;5103567
Sterławki+Małe;5103456
Sterławki+Wielkie;5103342
Stęszew;5103636
Stobno;5103633
Stogi+Malborskie;5103382
Stok+Lacki;5103458
Strabla;5103272
Stramnica;5103631
Strażów;5103635
Stronie;5100136
Stronno;5103632
Stróże;5100139
Strumiany;5103495
Strykowo+Poznańskie;5103561
Stryków;5103729
Stryszawa;5103710
Stryszów;5103726
Strzałkowo;5103748
Strzebielewo+Pyrzyckie;5103283
Strzebielino+Morskie;5103280
Strzebiń;5103359
Strzegom;5103386
Strzelce+Krajeńskie+Wschód;5100137
Strzelce+Opolskie;5100138
Strzelin;5100076
Strzelinko;5103400
Strzyżów+nad+Wisłokiem;5103733
Strzyżyna;5103255
Strzyżyno+Słupskie;5103614
Studzianka;5103638
Studzianki+Nowe;5103666
Stupsk+Mazowiecki;5103651
Styków+Iłżecki;5103418
Subkowy;5103646
Sucha+Beskidzka;5100140
Sucha+Beskidzka+Zamek;
Sucha+Żyrardowska;5103713
Suchatówka;5103664
Suchedniów;5103648
Suchedniów+Północny;5103660
Suchowolce;5103652
Suchy+Bór+Opolski;5103669
Sulechów;5103656
Sulejówek;5103654
Sulejówek+Miłosna;5103424
Sulęcinek;5103672
Sulino;5103653
Suliszewo+Drawskie;5103599
Sulów;5103659
Sułkowice;5103691
Sumina;5103657
Sumina+Wieś;5103490
Surochów;5103662
Susiec;5103649
Susz;5103663
Suszec;5103617
Suszec+Kopalnia;5103307
Suszec+Rudziczka;5103568
Suszka;5103597
Suwałki;5100141
Swarożyn;5103673
Swarzewo;5103692
Swarzędz;5103688
Swędów;5103677
Swobodna;5103686
Sycewice;5103295
Sycze;5103712
Szachy;5103734
Szadek;5103322
Szadkowice;5103329
Szaflary;5103737
Szaflary+Centrum;5103369
Szalowa;5103363
Szałamaje;5103481
Szamotuły;5100143
Szaniawy;5103364
Szarów;5103375
Szastarka;5103613
Szczaniec;5103377
Szczawne+Kulaszne;5103516
Szczebrzeszyn+(STTH);5103294
Szczecin+Dąbie;5100144
Szczecin+Główny+(Osobowy);5100057
Szczecin+Gumieńce;5100145
Szczecin+Podjuchy;5100146
Szczecin+Port+Centralny;5103360
Szczecin+Załom;5103508
Szczecin+Zdroje;5103404
Szczecin+Zdunowo;5103411
Szczecinek;5100239
Szczecinek+Chyże;5103519
Szczedrzykowice;5103335
Szczejkowice;5103741
Szczepanowice;5103366
Szczepki;5103736
Szczytna;5103717
Szczytno;5100147
Szebnie;5103735
Szepietowo;5100148
Szeroki+Bór+(dawna+lokalizacja);5103697
Szewce;5103706
Szewnica+(poprzednia+lokalizacja);5103517
Szklarska+Poręba+Dolna;5103601
Szklarska+Poręba+Górna;5100058
Szklarska+Poręba+Średnia;5103742
Szlachta;5103739
Szpęgawsk;5103552
Szprotawa;5103747
Szreniawa;5103745
Sztum;5103704
Sztumska+Wieś;5103615
Szulborze+Wielkie;5103292
Szybowice;5103274
Szydłowiec;5103698
Szydłów;5103715
Szymankowo;5103492
Szymbory;5103711
Szymiszów;5103750
Szymocice;5103478
Ścinawa;5100199
Ślesin;5103453
Śliwice;5103457
Śliwiczki;5103570
Środa+Śląska;5103571
Środa+Wielkopolska;5103572
Świba;5103674
Świdnica+Miasto;5103327
Świdnik+Miasto;5103684
Świdnik+Wschód;5103685
Świdwin;5100142
Świebodzice;5103275
Świebodzin;5103284
Świekatowo;5103367
Świercze;5103425
Święta+Katarzyna;5103699
Świętajno;5103690
Świętochłowice;5103680
Świlcza;5103683
Świnoujście;5100059
Świnoujście+Port;5103505
Świnoujście+Przytór;5103511
Świnoujście+Warszów;5103682
Taciszów;5103758
Taczanów;5103773
Tama+Brodzka;5103765
Tarchały+Wielkie;5103761
Targowiska;5103760
Tarnawa+Dolna;5103775
Tarnobrzeg;5103757
Tarnowiec;5103766
Tarnowiec+Brzeski;5100328
Tarnowo+Pomorskie;5103768
Tarnowo+Rogozińskie;5103762
Tarnowskie+Góry;5100074
Tarnowskie+Góry+Strzybnica;5103784
Tarnów;5100230
Tarnów+Mościce;5103794
Tarnów+Opolski;5103767
Tczew;5100061
Teresin+Niepokalanów;5103722
Terespol;5100084
Terespol+Pomorski;5103781
Tereszpol+Biłgorajski;5103777
Tleń;5103788
Tłoki;5103789
Tłuszcz;5103787
Tołkiny;5103797
Tomaszów+Bolesławiecki;5103799
Tomaszów+Mazowiecki;5100331
Tomaszów+Mazowiecki+Białobrzegi;5103792
Topola-Osiedle;5103806
Toporów;5103807
Topór;5103817
Toruń+Czerniewice;5103800
Toruń+Główny;5100062
Toruń+Kluczyki;5103811
Toruń+Miasto;5103810
Toruń+Wschodni;5103812
Torzym;5103808
Toszek;5103809
Trakiszki;5100301
Trawniki;5103837
Trąbki;5103818
Troszyn;5103831
Tryńcza;5103838
Trypucie;5103832
Trzciana;5103821
Trzcianka;5100149
Trzciniec;5100332
Trzcińsko;5103839
Trzebaw+Rosnówko;5103833
Trzebiatów;5100150
Trzebinia;5100072
Trzebiszewo;5103891
Trzemeszno;5103888
Tuchlin;5103844
Tuchola;5103842
Tuchorza;5103853
Tuchów;5103846
Tuczki;5103860
Tułowice;5103795
Tuły;5103850
Tumlin;5103851
Tunel;5100151
Tuplice;5100242
Tuplice+Dębinka;5103854
Turbia;5103843
Turowo+Pomorskie;5103816
Turów;5103855
Turza+Wielka;5103845
Turzno;5103841
Turzno+Kujawskie;5103852
Turzynów;5103859
Tuszów+Narodowy;5103856
Tuszyma;5102894
Twarda+Góra;5103862
Twardawa;5103864
Twardogóra;5103867
Tworki;5103861
Tworków;5103866
Tychowo;5103870
Tychy;5100260
Tychy+Żwaków;5103869
Tymień;5103876
Ubocze;5103894
Uherce;5103899
Uherce+Tunel;5103895
Uhowo;5103918
Ulikowo;5103903
Unieszewo;5103909
Unisław+Pomorski;
Urle;5103897
Ustanówek;5103915
Ustianowa;5103893
Ustka;5100063
Ustronie+Morskie;5100152
Ustroń;5103916
Ustroń+Polana;5103914
Ustroń+Zdrój;5103919
Ustrzyki+Dolne;5103896
Wadowice;5103924
Walawa;5103921
Wałbrzych+Fabryczny;5103926
Wałbrzych+Główny;5100064
Wałbrzych+Miasto;5100210
Wałbrzych+Szczawienko;5104151
Wałcz;5103967
Wałdowo+Szlacheckie;5104067
Wałki+(dawna+lokalizacja);5104047
Wandzin;
Waplewo;5103935
Wargowo;5104002
Warka;5103937
Warkocz;5104052
Warlubie;5104179
Warnowo;5104089
Warszawa+Aleje+Jerozolimskie+WKD;5103929
Warszawa+Anin;5104146
Warszawa+Centralna;5100065
Warszawa+Choszczówka;5103923
Warszawa+Dawidy;5103952
Warszawa+Falenica;5103998
Warszawa+Gdańska;5100172
Warszawa+Gocławek;5103920
Warszawa+Gołąbki;5103925
Warszawa+Jeziorki;5104032
Warszawa+Lotnisko+Chopina;
Warszawa+Miedzeszyn;5103932
Warszawa+Międzylesie;5104080
Warszawa+Młynów;5103930
Warszawa+Ochota;5103934
Warszawa+Ochota+WKD;5103939
Warszawa+Okęcie;5104150
Warszawa+Olszynka+Grochowska;5103927
Warszawa+Płudy;5104160
Warszawa+Powiśle;5104154
Warszawa+Praga;5104161
Warszawa+Radość;5104149
Warszawa+Rakowiec;5104216
Warszawa+Raków;5104229
Warszawa+Reduta+Ordona;5104163
Warszawa+Rembertów;5103922
Warszawa+Salomea;5104162
Warszawa+Służewiec;5104157
Warszawa+Stadion;5104158
Warszawa+Śródmieście;5100246
Warszawa+Śródmieście+WKD;5104221
Warszawa+Toruńska;5104196
Warszawa+Ursus;5103940
Warszawa+Ursus+Północny;5104164
Warszawa+Wawer;5103942
Warszawa+Wesoła;5103992
Warszawa+Wileńska;5104226
Warszawa+Włochy;5104165
Warszawa+Wola;5104156
Warszawa+Wola+Grzybowska;5104098
Warszawa+Wschodnia;5100066
Warszawa+Zachodnia;5100067
Warszawa+Zachodnia+(peron+9);5104228
Warszawa+Zachodnia+WKD;5104223
Warszawa+ZOO;5104233
Warszawa+Żerań;5104227
Warząchewka;5103957
Wasilków;5103938
Ważne+Młyny;5103944
Wąbrzeźno;5103950
Wąchock;5103955
Wągrowiec;5104001
Wągry;5104003
Wąsosz+Konecki;5104051
Wejherowo;5100153
Wejherowo+Nanice;5103984
Wejherowo+Śmiechowo;5103982
Werbkowice;5103975
Werchrata;5103991
Węgierska+Górka;5103941
Węgliniec;5100068
Węgorzyno+(dawna+lokalizacja);5104000
Węgry;5103981
Węgrzce+Wielkie;5103980
Widacz;5104005
Widełka;5104009
Widuchowa;5104008
Widzino;5103969
Widzów+Teklinów;5103972
Wiekowo;5103985
Wielanowo;5103986
Wieleń;5104011
Wieliczka+Park;5103959
Wieliczka+Rynek;5103953
Wieliczka+Rynek-Kopalnia;
Wieliszew;5104220
Wielkie+Drogi;5104045
Wieluń;5103994
Wieluń+Dąbrowa;5100256
Wierchomla+Wielka;5103962
Wierna+Rzeka;5104082
Wieruszów;5104180
Wieruszów+Miasto;5104018
Wierzawice;5104224
Wierzbica+Górna;5104222
Wierzbowa+Śląska;5103949
Wierzchosławice;5103964
Wierzchowice;5103965
Wierzchowo+Człuchowskie;5104231
Wierzchucin;5104013
Wierzchucin+Stary;5104230
Wiesiółka;5104122
Wiewiecko;5104185
Wieżyca;5104030
Więcławice;5103960
Wiktorowo;5104016
Wilczyska;5103966
Wilkołaz;5104049
Wilkołaz+Wieś;5104059
Wilkoszewice;5104055
Wilkowice;5104057
Wilkowice+Bystra;5104042
Wilkowo+Świebodzińskie;5104044
Wilków+Namysłowski;5104050
Wipsowo;5104021
Wiry;5104023
Wisła+Dziechcinka;5104153
Wisła+Głębce;5104152
Wisła+Kopydło;5104058
Wisła+Obłaziec;5104147
Wisła+Uzdrowisko;5104181
Wisłoczanka;5103961
Wistka;5104167
Wiśniowa;5104024
Witanów;5104025
Witaszyce;5104168
Witkowo;5104174
Witków+Śląski;5104173
Witnica;5100261
Witnica+Chojeńska;5104169
Witonia;5104172
Witowo;5104177
Wkra;5104054
Wleń;5104064
Władysławowo;5104061
Władysławowo+Port;5104073
Włocławek;5100315
Włocławek+Brzezie;5103945
Włocławek+Zazamcze;5104079
Włosienica;5104072
Włostowo;5104076
Włoszakowice;5104065
Włoszczowa;5100154
Wodzisław+Śląski;5104095
Wodzisław+Śląski+Radlin;5103970
Wojanów;5104100
Wojaszówka;5104033
Wojciechowo;5104094
Wojnowice+Wielkopolskie;5104037
Wojtal;5104040
Wola+Bierwiecka;5104093
Wola+Filipowska;5104097
Wola+Lipieniecka;5104070
Wola+Łużańska;5104077
Wola+Radziszowska;5104068
Wola+Rowska;5104074
Wola+Rzędzińska;5104219
Wolbórka;5100777
Wolbrom;5104062
Wolenice;5104096
Wolica;5104092
Wolin;5104106
Wolsztyn;5104114
Wołczyn;5104104
Wołomin;5104103
Wołomin+Słoneczna;5104071
Wołowno;5104105
Wołów;5100155
Worowo;5104107
Woszczele;5104108
Woźnice;5104099
Wólka;5104111
Wólka+Kańska;5100322
Wólka+Okopska;5104121
Wólka+Plebańska;5104116
Wólka+Ratowiecka;5104109
Wrocław+Brochów;5104125
Wrocław+Główny;5100069
Wrocław+Kuźniki;5104140
Wrocław+Leśnica;
Wrocław+Mikołajów;5104134
Wrocław+Muchobór;5104130
Wrocław+Nadodrze;5100255
Wrocław+Nowy+Dwór;5104127
Wrocław+Osobowice;5104184
Wrocław+Popowice+[przystanek+osobowy];5104142
Wrocław+Pracze;5104193
Wrocław+Psie+Pole;5104120
Wrocław+Sołtysowice;5104139
Wrocław+Świniary;5104198
Wrocław+Zachodni;5104199
Wrocław+Żerniki;5104138
Wrocławki;5104126
Wroniawy;5104144
Wronki;5104135
Wróblik+Szlachecki;5103946
Wrząca+Pomorska;5104124
Wrzeście;5103956
Września;5100157
Wrześnica;5104083
Wrzosowo;5104145
Wrzosów;5104141
Wschowa;5104148
Wudzyn;5104178
Wydartowo;5104201
Wydminy;5104203
Wygoda;5104204
Wygoda+(dawna+lokalizacja);5104204
Wykno;5104206
Wyrzysk+Osiek;5104210
Wysoczany;5104200
Wysoka+Braniewska;5104208
Wysoka+Kamieńska;5100221
Wyszków;5104211
Wyszomierz;5104214
Wyszyny;5104213
Zabierzów;5104268
Zabieżki;5104275
Zaborów;5104240
Zaborze;5104236
Zabrze;5100070
Zabrzeg;5100257
Zabrzeg+Czarnolesie+[przystanek+osobowy];5104271
Zaczernie;5104237
Zagajnik;5104305
Zagnańsk;5104309
Zagościniec;5104310
Zagórz;5104314
Zagrody;5104306
Zajączkowo+Lubawskie;5104332
Zajezierze+koło+Dęblina;5104238
Zaklików;5104337
Zakopane;5100158
Zakrzewo+Złotowskie;5104341
Zakrzów+Kotowice;5104338
Zakrzów-Sarnowo;5104340
Zalesie+Górne;5104344
Zalesie+Krasieńskie;5104347
Zalesie+Wielkopolskie;5104351
Załuż;5104355
Zamek+Bulowicki;5104363
Zamość;5104366
Zamość+Starówka;5104752
Zamość+Wschód;5104753
Zaosie;5104249
Zaręby+Kościelne;5104385
Zarośle;5104383
Zarszyn;5104386
Zaryń;5104256
Zarzecze;5104420
Zasieki;5100159
Zastocze;5104388
Zastów;5104252
Zator;5104253
Zawada;5104255
Zawadówka;5104401
Zawadzkie;5104257
Zawidz;5104319
Zawidz+Kościelny;5104406
Zawiercie;5100212
Zawiercie+Borowe+Pole;5104399
Ząbki;5104336
Ząbkowice+Śląskie;5104387
Ząbrowo;5104254
Zbąszynek;5100071
Zbąszyń;5104258
Zbąszyń+Przedmieście;5104259
Zblewo;5104266
Zbydniów;5104274
Zdrody+Nowe;5104278
Zduny;5104282
Zduńska+Wola;5100231
Zduńska+Wola+Karsznice;5100160
Zduńska+Wola+Południowa;5104281
Zdzieszowice;5104277
Zebrzydowa;5104286
Zebrzydowice;5100264
Zelczyna;5104284
Zełwągi;5104303
Zembrzyce;5104295
Zesławice;5104300
Zębice+Wrocławskie;5104287
Zębowice;5104279
Zgierz;5104308
Zgierz+Kontrewers;5101392
Zgierz+Północ;5104311
Zgorzelec;5100085
Zgorzelec+Miasto;5100232
Zieleń;5104316
Zielomyśl;5104330
Zielona+Góra+Główna;5100222
Zielona+Góra+Przylep;5102886
Zielona+Góra+Stary+Kisielin;5103720
Zielonczyn;5104325
Zielonka;5104322
Zielonka+Bankowa;5104318
Zielonka+Pasłęcka;5104327
Zielonka+Pomorska;5104328
Ziemomyśl;5104330
Ziębice;5100162
Zimnochy;5104324
Złocieniec;5104343
Złotniki;5104350
Złotniki+Kujawskie;5104354
Złotniki+Kutnowskie;5104349
Złotów;5104356
Zosinów;5104376
Zubrzyk;5104392
Zwardoń;5104398
Zwierzyniec;5104403
Zygmuntowo+Mazowieckie;5104414
Żabi+Róg;5104263
Żabiny;5104234
Żabno+koło+Chojnic;5104261
Żabowo;5104273
Żagań;5100211
Żakowice;5104245
Żalno;5104246
Żarki-Letnisko;5104381
Żarów;5104251
Żary;5100243
Żary+Kunice;5104334
Żegiestów;5104289
Żegiestów-Zdrój;5104304
Żelisławice;5104294
Żelisławie+Pomorskie;5104353
Żelistrzewo;5104301
Żerków;5104293
Żędowice;5104279
Żmigród;5104359
Żory;5104369
Żółtnica;5104373
Żółwino;5104377
Żórawina;5104372
Żugienie;5100324
Żukowo+Wschodnie;5104396
Żurawica+(PO);5104395
Żurawica+Rozrządowa;5104391
Żychlin;5104413
Życzyn;5104410
Żydowo;5104411
Żyrardów;5104415
Żytkowice;5104417
Żywiec;5104418
Żywiec+Sporysz;5104416
